logo_id,name,file_stem,valid_from,valid_to,variant,mark_type,source,wayback
124984,Metropolitan Riveters,124984-riveters-1628050025904035438,2022,2023,large,logo,shiftstats,https://web.archive.org/web/20221105121400id_/https://img.shiftstats.com/dcd7c2ef-0bf7-4a7e-a22f-e1e1a76f936c/team-logo_url-124984-riveters-1628050025904035438-large.png
207478,Montreal Force,207478-montr-al-1661133240389504767,2023,2023,large,logo,shiftstats,https://web.archive.org/web/20221105121357id_/https://img.shiftstats.com/dcd7c2ef-0bf7-4a7e-a22f-e1e1a76f936c/team-logo_url-207478-montr-al-1661133240389504767-large.png
61635,Buffalo Beauts,61635-beauts-1567056106867131339,2017,2023,medium,logo,shiftstats,https://web.archive.org/web/20190930153909id_/https://img.shiftstats.com/dcd7c2ef-0bf7-4a7e-a22f-e1e1a76f936c/team-logo_url-61635-beauts-1567056106867131339-medium.svg
61636,Metropolitan Riveters,61636-riveters-1566720893391819567,2017,2021,medium,logo,shiftstats,https://web.archive.org/web/20190930153907id_/https://img.shiftstats.com/dcd7c2ef-0bf7-4a7e-a22f-e1e1a76f936c/team-logo_url-61636-riveters-1566720893391819567-medium.svg
61637,Connecticut Whale,61637-whale-1567196140816492837,2017,2023,medium,logo,shiftstats,https://web.archive.org/web/20190930153910id_/https://img.shiftstats.com/dcd7c2ef-0bf7-4a7e-a22f-e1e1a76f936c/team-logo_url-61637-whale-1567196140816492837-medium.svg
61638,Boston Pride,61638-pride-1566720849090260505,2017,2023,medium,logo,shiftstats,https://web.archive.org/web/20190930153909id_/https://img.shiftstats.com/dcd7c2ef-0bf7-4a7e-a22f-e1e1a76f936c/team-logo_url-61638-pride-1566720849090260505-medium.svg
61639,Minnesota Whitecaps,61639-whitecaps-1566720935245349011,2019,2023,large,logo,shiftstats,https://web.archive.org/web/20221105121357id_/https://img.shiftstats.com/dcd7c2ef-0bf7-4a7e-a22f-e1e1a76f936c/team-logo_url-61639-whitecaps-1566720935245349011-large.svg
79963,Toronto Six,79963-toronto-1587555617930093701,,,medium,logo,shiftstats,https://web.archive.org/web/20200427162558id_/https://img.shiftstats.com/dcd7c2ef-0bf7-4a7e-a22f-e1e1a76f936c/team-logo_url-79963-toronto-1587555617930093701-medium.png
79963,Toronto Six,79963-toronto-1589911518181154530,2021,2023,large,logo,shiftstats,https://web.archive.org/web/20221105121358id_/https://img.shiftstats.com/dcd7c2ef-0bf7-4a7e-a22f-e1e1a76f936c/team-logo_url-79963-toronto-1589911518181154530-large.png
6335,Boston Pride,Boston-Pride,2016,2016,default,logo,nwhl.co,https://web.archive.org/web/20150527132532id_/http://nwhl.co/wp-content/uploads/2015/04/Boston-Pride.png
6336,Buffalo Beauts,Buffalo-Beauts-Logo,2016,2016,default,logo,nwhl.co,https://web.archive.org/web/20151023145322id_/http://nwhl.co/wp-content/uploads/2015/04/Buffalo-Beauts-Logo.png
6336,Buffalo Beauts,Beauts-Logo-Dark,2016,2016,dark,logo,nwhl.co,https://web.archive.org/web/20151023024750id_/http://nwhl.co/wp-content/uploads/2015/07/Beauts-Logo-Dark.png
6336,Buffalo Beauts,Beauts,2016,2016,default,wordmark,nwhl.co,https://web.archive.org/web/20150527132532id_/http://nwhl.co/wp-content/uploads/2015/04/Beauts.png
6337,Connecticut Whale,CT-Whale,2016,2016,default,logo,nwhl.co,https://web.archive.org/web/20150618175050id_/http://nwhl.co/wp-content/uploads/2015/04/CT-Whale.png
6337,Connecticut Whale,Connecticut-Whale-logo,,,alternate,logo,nwhl.co,https://web.archive.org/web/20160801015032id_/http://nwhl.co/wp-content/uploads/2015/04/Connecticut-Whale-logo.png
6338,New York Riveters,NY-Riveters,2016,2016,default,logo,nwhl.co,https://web.archive.org/web/20150618210921id_/http://nwhl.co/wp-content/uploads/2015/04/NY-Riveters.png
6338,New York Riveters,NY-Riveters-Logo2,2016,2016,logo2,logo,nwhl.co,https://web.archive.org/web/20150924060805id_/http://nwhl.co/wp-content/uploads/2015/04/NY-Riveters-Logo2.png
